{
  "generated_at_utc": "2026-05-06T05:55:11.625828+00:00",
  "benchmark": {
    "k_values": [
      1,
      3,
      5,
      10
    ],
    "task_numbers": [
      6,
      10,
      12
    ],
    "per_task": {
      "6": {
        "evaluated": 46,
        "bucket_sums": {
          "1": {
            "precision": 41.0,
            "recall": 8.169444444444448,
            "ndcg": 41.0,
            "mrr": 41.0,
            "map": 41.0,
            "hitrate": 41.0
          },
          "3": {
            "precision": 28.00000000000001,
            "recall": 16.23174603174604,
            "ndcg": 31.808605665435476,
            "mrr": 41.5,
            "map": 27.666666666666675,
            "hitrate": 42.0
          },
          "5": {
            "precision": 17.8,
            "recall": 16.94285714285715,
            "ndcg": 24.905085868780894,
            "mrr": 41.5,
            "map": 18.873333333333335,
            "hitrate": 42.0
          },
          "10": {
            "precision": 12.599999999999998,
            "recall": 24.057936507936503,
            "ndcg": 26.74750464581564,
            "mrr": 41.5,
            "map": 19.621916729654828,
            "hitrate": 42.0
          }
        },
        "macro_averages": {
          "1": {
            "precision": 0.8913043478260869,
            "recall": 0.177596618357488,
            "ndcg": 0.8913043478260869,
            "mrr": 0.8913043478260869,
            "map": 0.8913043478260869,
            "hitrate": 0.8913043478260869
          },
          "3": {
            "precision": 0.6086956521739133,
            "recall": 0.35286404416839223,
            "ndcg": 0.6914914275094669,
            "mrr": 0.9021739130434783,
            "map": 0.6014492753623191,
            "hitrate": 0.9130434782608695
          },
          "5": {
            "precision": 0.3869565217391305,
            "recall": 0.3683229813664598,
            "ndcg": 0.541414910190889,
            "mrr": 0.9021739130434783,
            "map": 0.4102898550724638,
            "hitrate": 0.9130434782608695
          },
          "10": {
            "precision": 0.27391304347826084,
            "recall": 0.5229986197377501,
            "ndcg": 0.58146749230034,
            "mrr": 0.9021739130434783,
            "map": 0.4265634071664093,
            "hitrate": 0.9130434782608695
          }
        }
      },
      "10": {
        "evaluated": 50,
        "bucket_sums": {
          "1": {
            "precision": 40.0,
            "recall": 1.8754039316243187,
            "ndcg": 40.0,
            "mrr": 40.0,
            "map": 40.0,
            "hitrate": 40.0
          },
          "3": {
            "precision": 33.0,
            "recall": 4.757618525381896,
            "ndcg": 34.64247554107965,
            "mrr": 44.666666666666664,
            "map": 30.44444444444445,
            "hitrate": 50.0
          },
          "5": {
            "precision": 29.799999999999994,
            "recall": 6.712435545027798,
            "ndcg": 32.00934649430688,
            "mrr": 44.666666666666664,
            "map": 26.133333333333333,
            "hitrate": 50.0
          },
          "10": {
            "precision": 25.9,
            "recall": 11.606777231544369,
            "ndcg": 28.771332839407197,
            "mrr": 44.666666666666664,
            "map": 20.439444444444444,
            "hitrate": 50.0
          }
        },
        "macro_averages": {
          "1": {
            "precision": 0.8,
            "recall": 0.037508078632486376,
            "ndcg": 0.8,
            "mrr": 0.8,
            "map": 0.8,
            "hitrate": 0.8
          },
          "3": {
            "precision": 0.66,
            "recall": 0.09515237050763792,
            "ndcg": 0.692849510821593,
            "mrr": 0.8933333333333333,
            "map": 0.608888888888889,
            "hitrate": 1.0
          },
          "5": {
            "precision": 0.5959999999999999,
            "recall": 0.13424871090055596,
            "ndcg": 0.6401869298861377,
            "mrr": 0.8933333333333333,
            "map": 0.5226666666666666,
            "hitrate": 1.0
          },
          "10": {
            "precision": 0.518,
            "recall": 0.23213554463088737,
            "ndcg": 0.575426656788144,
            "mrr": 0.8933333333333333,
            "map": 0.40878888888888887,
            "hitrate": 1.0
          }
        }
      },
      "12": {
        "evaluated": 51,
        "bucket_sums": {
          "1": {
            "precision": 42.0,
            "recall": 3.116800068696354,
            "ndcg": 42.0,
            "mrr": 42.0,
            "map": 42.0,
            "hitrate": 42.0
          },
          "3": {
            "precision": 30.66666666666667,
            "recall": 6.731048887473033,
            "ndcg": 32.916295794432386,
            "mrr": 45.166666666666664,
            "map": 27.50000000000001,
            "hitrate": 49.0
          },
          "5": {
            "precision": 31.200000000000014,
            "recall": 11.452330177562377,
            "ndcg": 32.75141095302129,
            "mrr": 45.666666666666664,
            "map": 25.380000000000013,
            "hitrate": 51.0
          },
          "10": {
            "precision": 26.9,
            "recall": 19.635726597104306,
            "ndcg": 29.359439512626107,
            "mrr": 45.666666666666664,
            "map": 20.231732804232806,
            "hitrate": 51.0
          }
        },
        "macro_averages": {
          "1": {
            "precision": 0.8235294117647058,
            "recall": 0.06111372683718341,
            "ndcg": 0.8235294117647058,
            "mrr": 0.8235294117647058,
            "map": 0.8235294117647058,
            "hitrate": 0.8235294117647058
          },
          "3": {
            "precision": 0.6013071895424837,
            "recall": 0.13198135073476536,
            "ndcg": 0.6454175645967135,
            "mrr": 0.8856209150326797,
            "map": 0.53921568627451,
            "hitrate": 0.9607843137254902
          },
          "5": {
            "precision": 0.6117647058823532,
            "recall": 0.22455549367769367,
            "ndcg": 0.6421845284906136,
            "mrr": 0.8954248366013071,
            "map": 0.49764705882352966,
            "hitrate": 1.0
          },
          "10": {
            "precision": 0.5274509803921569,
            "recall": 0.38501424700204523,
            "ndcg": 0.5756752845612962,
            "mrr": 0.8954248366013071,
            "map": 0.3967006432202511,
            "hitrate": 1.0
          }
        }
      }
    },
    "all_tasks": {
      "evaluated": 147,
      "bucket_sums": {
        "1": {
          "precision": 123.0,
          "recall": 13.16164844476512,
          "ndcg": 123.0,
          "mrr": 123.0,
          "map": 123.0,
          "hitrate": 123.0
        },
        "3": {
          "precision": 91.66666666666669,
          "recall": 27.720413444600972,
          "ndcg": 99.36737700094751,
          "mrr": 131.33333333333331,
          "map": 85.61111111111114,
          "hitrate": 141.0
        },
        "5": {
          "precision": 78.80000000000001,
          "recall": 35.107622865447325,
          "ndcg": 89.66584331610906,
          "mrr": 131.83333333333331,
          "map": 70.38666666666668,
          "hitrate": 143.0
        },
        "10": {
          "precision": 65.4,
          "recall": 55.30044033658518,
          "ndcg": 84.87827699784894,
          "mrr": 131.83333333333331,
          "map": 60.29309397833208,
          "hitrate": 143.0
        }
      },
      "macro_averages": {
        "1": {
          "precision": 0.8367346938775511,
          "recall": 0.08953502343377633,
          "ndcg": 0.8367346938775511,
          "mrr": 0.8367346938775511,
          "map": 0.8367346938775511,
          "hitrate": 0.8367346938775511
        },
        "3": {
          "precision": 0.6235827664399094,
          "recall": 0.1885742411197345,